Client Name,Client Value
Project Name,Project Value
Date,=TODAY()
Quote Valid Until,=B3+30
Contact Email,Email Value

BASE PACKAGE SELECTION,,,,
Package Type,Select (X),Base Price,Your Price
Starter Site (4-6 pages),,2500,=IF(B8="X",C8,0)
Growth Site (8-20 pages),,7500,=IF(B9="X",C9,0)
Custom Site (complex),,18000,=IF(B10="X",C10,0)
,,,
Selected Base:,,,=SUM(D8:D10)

PAGE COUNT ADJUSTMENTS,,,,
Pages,Select (X),Package,Price,Your Price
4-6 pages,,Starter,0,=IF(B16="X",D16,0)
8-10 pages,,Growth/Custom,0,=IF(B17="X",D17,0)
11-15 pages,,Growth,1500,=IF(B18="X",D18,0)
11-15 pages,,Custom,2000,=IF(B19="X",D19,0)
16-20 pages,,Growth,3000,=IF(B20="X",D20,0)
16-20 pages,,Custom,4000,=IF(B21="X",D21,0)
21-30 pages,,Custom,6000,=IF(B22="X",D22,0)
31+ pages,,Custom,10000,=IF(B23="X",D23,0)
,,,
Page Count Total:,,,,=SUM(E16:E23)

E-COMMERCE FEATURES,,,
Feature,Select (X),Price,Your Price
No e-commerce,,0,=IF(B28="X",C28,0)
Simple store (5-20 products),,2750,=IF(B29="X",C29,0)
Medium store (21-100 products),,5500,=IF(B30="X",C30,0)
Large store (100+ products),,11500,=IF(B31="X",C31,0)
Product variants (sizes/colors),,1000,=IF(B32="X",C32,0)
Inventory management,,1500,=IF(B33="X",C33,0)
Subscriptions/recurring billing,,2000,=IF(B34="X",C34,0)
Advanced shipping calculations,,1000,=IF(B35="X",C35,0)
Multi-currency,,1500,=IF(B36="X",C36,0)
Product reviews system,,800,=IF(B37="X",C37,0)
,,,
E-commerce Total:,,,=SUM(D28:D37)

CONTENT PREPARATION,,,
Service,Select (X),Price,Your Price
Content ready (organized),,0,=IF(B42="X",C42,0)
Partial (needs organization),,750,=IF(B43="X",C43,0)
Need help (writing/sourcing),,2250,=IF(B44="X",C44,0)
Full copywriting (all pages),,4000,=IF(B45="X",C45,0)
Professional photography,,1250,=IF(B46="X",C46,0)
Stock photo curation,,400,=IF(B47="X",C47,0)
,,,
Content Total:,,,=SUM(D42:D47)

CUSTOM FEATURES & INTEGRATIONS,,,
Feature,Select (X),Price,Your Price
Contact form (basic),,0,=IF(B52="X",C52,0)
Multi-step form,,750,=IF(B53="X",C53,0)
Booking system (simple),,2000,=IF(B54="X",C54,0)
Booking system (complex),,4000,=IF(B55="X",C55,0)
Member login/portal,,4500,=IF(B56="X",C56,0)
Blog with categories/tags,,650,=IF(B57="X",C57,0)
Newsletter signup,,300,=IF(B58="X",C58,0)
CRM integration (HubSpot/Salesforce),,1750,=IF(B59="X",C59,0)
Payment gateway (Stripe/PayPal),,1150,=IF(B60="X",C60,0)
Custom API integration,,3500,=IF(B61="X",C61,0)
Multi-language support (per language),,3000,=IF(B62="X",C62,0)
Advanced search/filtering,,2250,=IF(B63="X",C63,0)
Map with locations,,450,=IF(B64="X",C64,0)
Interactive calculator/tool,,2750,=IF(B65="X",C65,0)
Live chat integration,,400,=IF(B66="X",C66,0)
Social media feeds,,550,=IF(B67="X",C67,0)
Custom contact form fields,,300,=IF(B68="X",C68,0)
Event calendar,,1200,=IF(B69="X",C69,0)
Portfolio/gallery showcase,,800,=IF(B70="X",C70,0)
,,,
Features Total:,,,=SUM(D52:D70)

DESIGN COMPLEXITY,,,
Level,Select (X),Price,Your Price
Template-based,,-500,=IF(B75="X",C75,0)
Semi-custom (custom home/templated inner),,0,=IF(B76="X",C76,0)
Fully custom (all pages from scratch),,3000,=IF(B77="X",C77,0)
Complex animations,,2250,=IF(B78="X",C78,0)
Custom illustrations,,2000,=IF(B79="X",C79,0)
Video integration,,850,=IF(B80="X",C80,0)
Advanced UI/UX research,,3500,=IF(B81="X",C81,0)
,,,
Design Total:,,,=SUM(D75:D81)

TECHNICAL REQUIREMENTS,,,
Requirement,Select (X),Price,Your Price
Performance optimization (advanced),,1150,=IF(B86="X",C86,0)
Advanced SEO (schema/sitemap/redirects),,1500,=IF(B87="X",C87,0)
Accessibility compliance (WCAG AA),,2250,=IF(B88="X",C88,0)
Security hardening (advanced),,1500,=IF(B89="X",C89,0)
Custom database,,3750,=IF(B90="X",C90,0)
Progressive Web App (PWA),,5000,=IF(B91="X",C91,0)
,,,
Technical Total:,,,=SUM(D86:D91)

MIGRATION & DATA TRANSFER,,,
Task,Select (X),Price,Your Price
No migration (new site),,0,=IF(B96="X",C96,0)
Simple migration (10-20 pages),,1000,=IF(B97="X",C97,0)
Medium migration (20-50 pages),,2000,=IF(B98="X",C98,0)
Large migration (50-100 pages),,4000,=IF(B99="X",C99,0)
Database migration,,1500,=IF(B100="X",C100,0)
E-commerce product migration (per 100),,750,=IF(B101="X",C101,0)
URL redirect mapping,,750,=IF(B102="X",C102,0)
,,,
Migration Total:,,,=SUM(D96:D102)

TIMELINE & RUSH FEES,,,
Timeline,Select (X),Multiplier,Applied
Standard (4-8 weeks),,0%,=IF(B107="X",1,0)
Rush (2-4 weeks),,25%,=IF(B108="X",1.25,0)
Express (<2 weeks),,50%,=IF(B109="X",1.5,0)
Flexible (no deadline),,-10%,=IF(B110="X",0.9,0)
,,,
Timeline Multiplier:,,,=MAX(D107:D110)
Note: If no timeline selected defaults to Standard (1.0),,,

,,,
SUBTOTAL BEFORE TIMELINE,,,
,,,
Base Package:,,,=D12
Page Adjustments:,,,=E25
E-commerce:,,,=D39
Content:,,,=D49
Features:,,,=D72
Design:,,,=D83
Technical:,,,=D93
Migration:,,,=D104
,,,
SUBTOTAL:,,,=SUM(D118:D125)
,,,
Timeline Adjustment:,,,=IF(D113=0,D127,D127*(D113-1))

,,,
DISCOUNTS (Optional),,,
Discount Type,Apply (X),%,Amount
Nonprofit organization,,15%,=IF(B133="X",-(D127+D129)*0.15,0)
Client referral,,10%,=IF(B134="X",-(D127+D129)*0.10,0)
Multi-project commitment,,12%,=IF(B135="X",-(D127+D129)*0.12,0)
Flexible timeline (3+ months),,10%,=IF(B136="X",-(D127+D129)*0.10,0)
Cash payment upfront,,5%,=IF(B137="X",-(D127+D129)*0.05,0)
,,,
Total Discount:,,,=SUM(D133:D137)

,,,
═══════════════════════════════════════,,,
,,,
SUBTOTAL:,,,=D127
Timeline Adjustment:,,,=D129
Discounts:,,,=D139
,,,
PROJECT TOTAL:,,,=D143+D144+D145
,,,
═══════════════════════════════════════,,,
,,,
Effective Hourly Rate Check:,,,
Estimated Hours:,Hours Value,,
Hourly Rate:,,,=D147/B151
Target: $100-150/hour,,,
